,abs,dno_ou_oat
pe,1,2.516766219
sd,,0.315490032
low,,1.898405757
high,,3.135126682
