year,pe
2010,0
2011,0
2012,0.000322103
2013,0.002319139
2014,0.008181408
2015,0.025574953
2016,0.253881337
2017,0.37
2018,0.482885989
2019,0.520730316
2020,0.618459302
